{
  "0": {
    "oldParams": true,
    "wave_type": 0,
    "p_env_attack": 0,
    "p_env_sustain": 0.2756817573236964,
    "p_env_punch": 0.2693135402103821,
    "p_env_decay": 0.3456554889164397,
    "p_base_freq": 0.7052514087302033,
    "p_freq_limit": 0.04183634923389145,
    "p_freq_ramp": -0.3696791409500821,
    "p_freq_dramp": 0,
    "p_vib_strength": 0,
    "p_vib_speed": 0,
    "p_arp_mod": 0,
    "p_arp_speed": 0,
    "p_duty": 0.3563274574138757,
    "p_duty_ramp": 0.06356555124490791,
    "p_repeat_speed": 0,
    "p_pha_offset": 0,
    "p_pha_ramp": 0,
    "p_lpf_freq": 1,
    "p_lpf_ramp": 0,
    "p_lpf_resonance": 0,
    "p_hpf_freq": 0.02093860740612724,
    "p_hpf_ramp": 0,
    "sound_vol": 0.25,
    "sample_rate": 22050,
    "sample_size": 8
  },
  "1": {
    "oldParams": true,
    "wave_type": 0,
    "p_env_attack": 0,
    "p_env_sustain": 0.742,
    "p_env_punch": 0,
    "p_env_decay": 0.727,
    "p_base_freq": 0.389,
    "p_freq_limit": 0.072,
    "p_freq_ramp": -0.242,
    "p_freq_dramp": -0.237,
    "p_vib_strength": 0,
    "p_vib_speed": 0,
    "p_arp_mod": 0,
    "p_arp_speed": 0,
    "p_duty": 0.04431067943695827,
    "p_duty_ramp": 0.04900000086685963,
    "p_repeat_speed": 0,
    "p_pha_offset": 0.1864263207860029,
    "p_pha_ramp": -0.08448323311953754,
    "p_lpf_freq": 1,
    "p_lpf_ramp": 0,
    "p_lpf_resonance": 0,
    "p_hpf_freq": 0.18881170681720919,
    "p_hpf_ramp": 0,
    "sound_vol": 0.25,
    "sample_rate": 22050,
    "sample_size": 8
  },
  "2": {
    "oldParams": true,
    "wave_type": 3,
    "p_env_attack": 0,
    "p_env_sustain": 0.354019354934227,
    "p_env_punch": 0.410533064642007,
    "p_env_decay": 0.4926264466720278,
    "p_base_freq": 0.11022699222068354,
    "p_freq_limit": 0,
    "p_freq_ramp": -0.05962990864965332,
    "p_freq_dramp": 0,
    "p_vib_strength": 0,
    "p_vib_speed": 0,
    "p_arp_mod": 0.4126964028703395,
    "p_arp_speed": 0.7120680415954088,
    "p_duty": 0,
    "p_duty_ramp": 0,
    "p_repeat_speed": 0,
    "p_pha_offset": 0,
    "p_pha_ramp": 0,
    "p_lpf_freq": 1,
    "p_lpf_ramp": 0,
    "p_lpf_resonance": 0,
    "p_hpf_freq": 0,
    "p_hpf_ramp": 0,
    "sound_vol": 0.25,
    "sample_rate": 22050,
    "sample_size": 8
  },
  "3": {
    "oldParams": true,
    "wave_type": 3,
    "p_env_attack": 0,
    "p_env_sustain": 0.605,
    "p_env_punch": 0.239,
    "p_env_decay": 0.689,
    "p_base_freq": 0.10772567237434358,
    "p_freq_limit": 0,
    "p_freq_ramp": -0.03647371584704465,
    "p_freq_dramp": 0,
    "p_vib_strength": 0.16638743227982147,
    "p_vib_speed": 0.5315859851778406,
    "p_arp_mod": 0,
    "p_arp_speed": 0,
    "p_duty": 0,
    "p_duty_ramp": 0,
    "p_repeat_speed": 0,
    "p_pha_offset": 0,
    "p_pha_ramp": 0,
    "p_lpf_freq": 1,
    "p_lpf_ramp": 0,
    "p_lpf_resonance": 0,
    "p_hpf_freq": 0,
    "p_hpf_ramp": 0,
    "sound_vol": 0.644,
    "sample_rate": 22050,
    "sample_size": 8
  },
  "4": {
    "oldParams": true,
    "wave_type": 0,
    "p_env_attack": 0,
    "p_env_sustain": 0.66,
    "p_env_punch": 0,
    "p_env_decay": 0.416,
    "p_base_freq": 0.2014980612885688,
    "p_freq_limit": 0,
    "p_freq_ramp": 0.3095393570502545,
    "p_freq_dramp": 0,
    "p_vib_strength": 0,
    "p_vib_speed": 0,
    "p_arp_mod": 0,
    "p_arp_speed": 0,
    "p_duty": 0.3465614130472023,
    "p_duty_ramp": 0,
    "p_repeat_speed": 0.4377111064356769,
    "p_pha_offset": 0,
    "p_pha_ramp": 0,
    "p_lpf_freq": 1,
    "p_lpf_ramp": 0,
    "p_lpf_resonance": 0,
    "p_hpf_freq": 0,
    "p_hpf_ramp": 0,
    "sound_vol": 0.25,
    "sample_rate": 22050,
    "sample_size": 8
  },
  "5": {
    "oldParams": true,
    "wave_type": 0,
    "p_env_attack": 0,
    "p_env_sustain": 0.031260247241034704,
    "p_env_punch": 0,
    "p_env_decay": 0.26659532317138224,
    "p_base_freq": 0.217,
    "p_freq_limit": 0,
    "p_freq_ramp": -0.3258648171546286,
    "p_freq_dramp": 0,
    "p_vib_strength": 0,
    "p_vib_speed": 0,
    "p_arp_mod": 0,
    "p_arp_speed": 0,
    "p_duty": 0.38597215105934835,
    "p_duty_ramp": 0,
    "p_repeat_speed": 0,
    "p_pha_offset": 0,
    "p_pha_ramp": 0,
    "p_lpf_freq": 1,
    "p_lpf_ramp": 0,
    "p_lpf_resonance": 0,
    "p_hpf_freq": 0.29635931612312627,
    "p_hpf_ramp": 0,
    "sound_vol": 0.25,
    "sample_rate": 22050,
    "sample_size": 8
  }
}